{
  "model_id": "bert-base-uncased",
  "dimensions": [
    "empathy",
    "social_coherence",
    "agency_support",
    "epistemic_integrity",
    "harm_avoidance",
    "narrative_alignment",
    "curiosity"
  ],
  "targets": [
    "empathy",
    "social_coherence",
    "agency_support",
    "epistemic_integrity",
    "harm_avoidance",
    "narrative_alignment",
    "curiosity",
    "reward_intensity",
    "safety_score"
  ],
  "training_data": "data/labeled/reward_samples.jsonl",
  "num_epochs": 4,
  "batch_size": 8,
  "learning_rate": 4e-05,
  "weight_decay": 0.01,
  "val_ratio": 0.12,
  "seed": 42,
  "warmup_steps": 28,
  "trained_at_utc": "2025-12-09T18:29:43.857488+00:00",
  "label_mean": [
    0.12350624799728394,
    0.3457546532154083,
    0.15361644327640533,
    0.4549528956413269,
    0.4190244972705841,
    0.44819146394729614,
    0.19599059224128723,
    0.3200788199901581,
    0.38988178968429565
  ],
  "label_std": [
    0.5040266513824463,
    0.8271756172180176,
    0.6256228685379028,
    0.5838061571121216,
    0.6679368019104004,
    0.5662335157394409,
    0.43672385811805725,
    0.5641271471977234,
    0.6792440414428711
  ],
  "per_dim_weights": [
    1.0,
    1.0,
    1.0,
    1.0,
    1.0,
    1.0,
    1.0,
    1.0,
    1.0
  ]
}