{
  "model_id": "bert-base-uncased",
  "dimensions": [
    "empathy",
    "social_coherence",
    "agency_support",
    "epistemic_integrity",
    "harm_avoidance",
    "narrative_alignment",
    "curiosity"
  ],
  "targets": [
    "empathy",
    "social_coherence",
    "agency_support",
    "epistemic_integrity",
    "harm_avoidance",
    "narrative_alignment",
    "curiosity",
    "reward_intensity",
    "safety_score"
  ],
  "training_data": "data/labeled/reward_samples.jsonl",
  "num_epochs": 3,
  "batch_size": 8,
  "learning_rate": 4e-05,
  "weight_decay": 0.01,
  "val_ratio": 0.12,
  "seed": 42,
  "warmup_steps": 7,
  "trained_at_utc": "2025-12-09T14:42:29.060400+00:00",
  "label_mean": [
    -0.008730159141123295,
    0.19973549246788025,
    0.11190477013587952,
    0.36269843578338623,
    0.27605828642845154,
    0.3723544478416443,
    0.21534396708011627,
    0.28563493490219116,
    0.16009259223937988
  ],
  "label_std": [
    0.36997511982917786,
    0.896686315536499,
    0.7225513458251953,
    0.5983757972717285,
    0.6719256639480591,
    0.5206544995307922,
    0.39313164353370667,
    0.5396181344985962,
    0.6196503639221191
  ],
  "per_dim_weights": [
    1.2000000476837158,
    1.350000023841858,
    1.350000023841858,
    1.0,
    1.25,
    1.0499999523162842,
    1.350000023841858,
    1.350000023841858,
    1.2999999523162842
  ]
}