{
  "model_id": "bert-base-uncased",
  "dimensions": [
    "empathy",
    "social_coherence",
    "agency_support",
    "epistemic_integrity",
    "harm_avoidance",
    "narrative_alignment",
    "curiosity"
  ],
  "targets": [
    "empathy",
    "social_coherence",
    "agency_support",
    "epistemic_integrity",
    "harm_avoidance",
    "narrative_alignment",
    "curiosity",
    "reward_intensity",
    "safety_score"
  ],
  "training_data": "data/labeled/reward_samples.jsonl",
  "num_epochs": 2,
  "batch_size": 8,
  "learning_rate": 4e-05,
  "weight_decay": 0.01,
  "val_ratio": 0.12,
  "seed": 42,
  "warmup_steps": 28,
  "trained_at_utc": "2025-12-09T20:25:52.997006+00:00",
  "label_mean": [
    0.44244876503944397,
    0.4799996018409729,
    0.4618479609489441,
    0.44774046540260315,
    0.5150389671325684,
    0.4087989032268524,
    0.3510902225971222,
    0.6263183951377869,
    0.5885303020477295
  ],
  "label_std": [
    0.7038607597351074,
    0.7388097643852234,
    0.7629367709159851,
    0.7741631865501404,
    0.7540870904922485,
    0.7872567772865295,
    0.6683812737464905,
    0.5838398337364197,
    0.7281156182289124
  ],
  "per_dim_weights": [
    1.0,
    1.0,
    1.0,
    1.0,
    1.0,
    1.0,
    1.0,
    1.0,
    1.0
  ]
}